genus,wood_density
Abarema,0.56675
Abies,0.3662083333333333
Abuta,0.45
Acacia,0.7746683673469388
Acalypha,0.3
Acanthosyris,0.6303333333333333
Acca,0.75
Acer,0.5379166666666666
Aceratium,0.5435
Acioa,0.84
Acmanthera,0.69
Acmena,0.5771999999999999
Acmenosperma,0.758
Acokanthera,0.784
Acosmium,0.7628333333333334
Acradenia,0.7233333333333333
Acrocarpus,0.5915
Acronychia,0.5419047619047619
Actinodaphne,0.51
Actinostemon,0.907
Adansonia,0.276
Adelia,0.7065
Adenanthera,0.7063846153846154
Adenostoma,0.75
Adina,0.7464444444444445
Adinandra,0.5176363636363637
Adinauclea,0.65
Adiscanthus,0.82
Aegiceras,0.595
Aegiphila,0.6566666666666666
Aegle,0.8255
Aesculus,0.4486666666666667
Aetoxylon,0.74
Afrocrania,0.663
Afzelia,0.6927111111111112
Agathis,0.41394444444444445
Aglaia,0.6578545454545455
Agonandra,0.8220000000000001
Agrostistachys,0.705
Aidia,0.7526666666666667
Ailanthus,0.4254
Aiouea,0.37
Aistopetalum,0.76
Akania,0.573
Alangium,0.6171
Albizia,0.5446470588235295
Alchornea,0.41278947368421054
Alchorneopsis,0.38966666666666666
Aldina,0.7386
Alectryon,0.958
Aleurites,0.37438461538461537
Alexa,0.5614285714285715
Alibertia,0.7325
Allanblackia,0.6463636363636364
Allantoma,0.5449999999999999
Allocasuarina,0.8050555555555555
Allophylus,0.5133076923076924
Alloxylon,0.4412
Alluaudia,0.3828
Alniphyllum,0.3826666666666667
Alnus,0.4048333333333333
Alphitonia,0.5287272727272727
Alphonsea,0.738
Alseis,0.643
Alseodaphne,0.573076923076923
Alstonia,0.43978181818181816
Altingia,0.6673333333333333
Alvaradoa,0.58
Amaioua,0.625
Amanoa,0.8318
Ambelania,0.521
Amblygonocarpus,0.9164999999999999
Amburana,0.524
Amelanchier,0.66
Amentotaxus,0.65425
Amesiodendron,0.8345
Amherstia,0.6563333333333333
Amomyrtella,0.612
Ampelocera,0.705
Amphimas,0.6374545454545455
Amphipterygium,0.41
Amphirrhox,0.71
Amphitecna,0.46
Amyris,0.9750000000000001
Amyxa,0.63
Anacardium,0.4492333333333333
Anadenanthera,0.8713000000000001
Anaxagorea,0.53
Andira,0.7203076923076923
Androstachys,0.5846666666666667
Angophora,0.7394000000000001
Aniba,0.6710769230769231
Anisophyllea,0.7385555555555556
Anisoptera,0.5543333333333333
Anneslea,0.68075
Annickia,0.44722222222222224
Annona,0.5111538461538461
Anodopetalum,0.61
Anogeissus,0.8111428571428572
Anomospermum,0.64
Anonidium,0.291
Anopyxis,0.7999090909090909
Anthocarapa,0.689
Anthocleista,0.5307999999999999
Anthodiscus,0.69
Anthonotha,0.7166
Anthostema,0.435
Antiaris,0.38305263157894737
Antidesma,0.6495384615384615
Antonia,0.4673333333333333
Antrocaryon,0.5016923076923077
Aoranthe,0.8065
Aparisthmium,0.39
Apeiba,0.28225
Aphanamixis,0.5766666666666667
Aphananthe,0.5884
Aphanocalyx,0.456875
Aphloia,0.6205
Apodocephala,0.527
Apodytes,0.5946666666666666
Apollonias,0.59
Apoplanesia,0.8999999999999999
Aporosa,0.37
Aporusa,0.6278947368421053
Aptandra,0.765
Apuleia,0.8230000000000001
Aquilaria,0.3472857142857143
Arachnothryx,0.56
Arapatiella,0.87
Araucaria,0.47635294117647065
Arbutus,0.66
Archboldiodendron,0.68
Archeria,0.742
Archidendron,0.41300000000000003
Archidendropsis,0.8222857142857143
Archontophoenix,0.827
Archytaea,0.84
Arctostaphylos,0.72
Ardisia,0.6016
Argusia,0.35
Aristotelia,0.515
Arthrophyllum,0.37
Artocarpus,0.4841451612903226
Arytera,0.6786666666666666
Aspidosperma,0.7491408450704226
Asteranthos,0.67
Asteropeia,0.8026666666666666
Astrocaryum,0.508
Astronia,0.46
Astronium,0.8714166666666666
Atalaya,0.727
Atherosperma,0.505
Athrotaxis,0.346
Atractocarpus,0.7615000000000001
Attalea,0.326
Atuna,0.665
Aucoumea,0.3778518518518518
Aulacocalyx,0.564
Auranticarpa,0.679
Austrocedrus,0.426
Austromatthaea,0.73
Austromuellera,0.594
Autranella,0.7517777777777778
Auxemma,0.84
Averrhoa,0.548
Avicennia,0.6837058823529413
Azadirachta,0.5725
Baccaurea,0.6235294117647059
Baccharis,0.5755
Backhousia,0.8528571428571429
Baeckea,0.81
Bagassa,0.7086666666666667
Baikiaea,0.7360000000000001
Baillonella,0.7154545454545455
Balanites,0.6668000000000001
Balanops,0.735
Balfourodendron,0.6664285714285715
Balizia,0.49666666666666665
Baloghia,0.618
Banara,0.6407499999999999
Banksia,0.5461818181818182
Baphia,0.701
Barringtonia,0.48705263157894735
Bastardiopsis,0.651
Batesia,0.54
Bathysa,0.64
Batocarpus,0.533
Bauhinia,0.8085833333333333
Beilschmiedia,0.5701525423728814
Bellucia,0.5571428571428572
Berberis,0.641
Berchemia,0.855
Berlinia,0.6183928571428572
Bernoullia,0.25
Berrya,0.88
Bersama,0.6183333333333333
Bertholletia,0.638
Betula,0.5376428571428572
Bhesa,0.655
Billia,0.69
Bischofia,0.5959090909090908
Bixa,0.35833333333333334
Blakea,0.71
Bleasdalea,0.43
Blepharidium,0.5
Blepharocalyx,0.6931666666666666
Blepharocarya,0.48266666666666663
Blighia,0.710375
Blumeodendron,0.57625
Bocageopsis,0.6402
Bocoa,0.999
Boehmeria,0.364
Bolusanthus,0.839
Bombacopsis,0.4385
Bombax,0.3702758620689655
Borassus,0.87
Borneodendron,0.68
Borojoa,0.52
Boschia,0.65
Boscia,0.594
Bosistoa,0.839
Boswellia,0.5
Bothriospora,0.6799999999999999
Botryarrhena,0.734
Botryophora,0.44
Bouea,0.712
Bougainvillea,0.56
Bourreria,0.73
Bowdichia,0.8185714285714286
Brachychiton,0.33383333333333337
Brachyglottis,0.645
Brachylaena,0.7479333333333333
Brachystegia,0.5545517241379311
Brackenridgea,0.6
Bracteanthus,0.71
Brassaiopsis,0.3
Breonadia,0.818
Breonia,0.5153076923076922
Bretschneidera,0.537
Breviea,0.481
Bridelia,0.553
Brombya,0.611
Brosimum,0.6706973684210527
Broussonetia,0.414
Brownlowia,0.4586666666666666
Bruguiera,0.7718181818181818
Bruinsmia,0.38
Brunellia,0.315
Buchanania,0.41100000000000003
Buchenavia,0.7031428571428572
Bucida,0.7666666666666666
Buckinghamia,0.7873333333333333
Buddleja,0.44
Bulnesia,0.9834285714285714
Bunchosia,0.6950000000000001
Burckella,0.5418000000000001
Burdachia,0.7849999999999999
Burkea,0.6125
Burkillanthus,0.73
Burretiodendron,0.9265
Bursaria,0.592
Bursera,0.30818181818181817
Bussea,0.7916666666666666
Butea,0.43333333333333335
Buxus,0.722
Byrsonima,0.6309032258064516
Cabralea,0.5321666666666666
Cadellia,0.951
Caesalpinia,0.9917619047619046
Calatola,0.6303333333333333
Caldcluvia,0.5141333333333333
Calliandra,0.8160000000000001
Callicarpa,0.35000000000000003
Callicoma,0.495
Callistemon,0.7956
Callisthene,0.7425
Callitris,0.5708666666666666
Calocedrus,0.452
Calodendrum,0.62
Caloncoba,0.65
Calophyllum,0.5771153846153846
Calpocalyx,0.7226
Calycogonium,0.74
Calycolpus,0.8
Calycophyllum,0.7253571428571428
Calycorectes,0.76
Calyptranthes,0.7833333333333333
Camellia,0.55
Campnosperma,0.3598
Campomanesia,0.8173999999999999
Campsiandra,0.855
Camptostemon,0.42
Camptotheca,0.428
Cananga,0.3193333333333333
Canarium,0.4820326086956522
Canella,0.95
Canthium,0.6474444444444445
Cantleya,0.86
Capirona,0.593
Capparis,0.6910833333333333
Capsicodendron,0.57
Caraipa,0.647875
Carallia,0.6724705882352942
Carapa,0.5587619047619048
Cardiopetalum,0.645
Cardwellia,0.476
Careya,0.7313333333333333
Carica,0.1875
Cariniana,0.55728
Carnarvonia,0.594
Carphalea,0.857
Carpinus,0.583
Carpodetus,0.668
Carpotroche,0.45
Carya,0.6074615384615385
Caryocar,0.6972413793103448
Caryodendron,0.65
Casearia,0.6259545454545455
Cassia,0.7464642857142857
Cassine,0.7216666666666667
Cassipourea,0.6312
Castanea,0.5103846153846153
Castanopsis,0.5497826086956522
Castanospermum,0.6253333333333333
Castanospora,0.607
Castilla,0.5675
Casuarina,0.8285217391304348
Catalpa,0.5121111111111111
Catha,0.646
Cathaya,0.5880000000000001
Catostemma,0.5670833333333333
Catunaregam,0.7509999999999999
Cavanillesia,0.21666666666666667
Ceanothus,0.685
Cecropia,0.3403793103448276
Cedrela,0.43917241379310346
Cedrelinga,0.5038
Cedrelopsis,0.792
Cedrus,0.45499999999999996
Ceiba,0.3321458333333333
Celaenodendron,0.94
Celtis,0.5938965517241379
Cenostigma,0.905
Centrolobium,0.6758823529411765
Cephalomappa,0.51
Cephalosphaera,0.4295
Cephalotaxus,0.532
Cerasus,0.634
Ceratopetalum,0.5589999999999999
Cerbera,0.39422222222222225
Cercidiphyllum,0.428
Cercis,0.626
Cercocarpus,0.8
Ceriops,0.821
Cervantesia,0.6
Cespedesia,0.6046666666666667
Chaetocarpus,0.7775
Chamaecrista,0.9034999999999999
Chamaecyparis,0.4116666666666666
Champereia,0.69
Chaunochiton,0.5840000000000001
Cheilosa,0.56
Chilopsis,0.6
Chimarrhis,0.7115
Chionanthus,0.7046875
Chisocheton,0.4986153846153846
Chlorocardium,0.8623333333333333
Chloroleucon,0.62325
Chloroxylon,0.819
Choerospondias,0.487
Chomelia,0.5566666666666666
Choricarpia,0.8263333333333334
Chorisia,0.2891666666666666
Chromolucuma,0.73
Chrysobalanus,0.7533333333333334
Chrysochlamys,0.43
Chrysophyllum,0.653076923076923
Chukrasia,0.5482
Chydenanthus,0.53
Cinchona,0.54
Cinnamomum,0.4704285714285714
Cipadessa,0.65
Citharexylum,0.662
Citronella,0.5881818181818181
Citropsis,0.827
Citrus,0.74
Claoxylon,0.355
Clarisia,0.5777826086956521
Clathrotropis,0.7714
Clausena,0.482
Cleidion,0.5166666666666667
Cleistanthus,0.6334285714285715
Cleistocalyx,0.6607999999999999
Cleistopholis,0.3208888888888889
Clerodendrum,0.5735
Clethra,0.5303333333333334
Cleyera,0.5746666666666668
Clusia,0.6675
Cnesmocarpon,0.758
Cnidoscolus,0.4266666666666667
Coccoloba,0.6873333333333334
Cochlospermum,0.2305
Codonocarpus,0.336
Coelocaryon,0.49121739130434783
Coelostegia,0.585
Coffea,0.633
Cola,0.5876
Colona,0.35860000000000003
Colophospermum,0.904
Colubrina,0.7454615384615385
Combretocarpus,0.61
Combretum,0.7913333333333333
Commersonia,0.40066666666666667
Commiphora,0.407875
Comocladia,0.79
Conceveiba,0.47816666666666663
Connarus,0.5
Conocarpus,0.845
Copaifera,0.6164166666666666
Copernicia,0.791
Coprosma,0.79025
Cordia,0.5104886363636364
Cordyla,0.749
Cornus,0.5875
Cornutia,0.6
Corylus,0.5499999999999999
Corymbia,0.8353409090909092
Corynanthe,0.6723333333333334
Corynocarpus,0.6326666666666666
Corythophora,0.7546666666666666
Cotylelobium,0.8183333333333334
Couepia,0.7861333333333334
Coula,0.8946666666666667
Couma,0.4904
Couratari,0.5380714285714286
Couroupita,0.42519999999999997
Coussapoa,0.479
Coussarea,0.6182000000000001
Coutarea,0.6
Craibia,0.6194999999999999
Craspidospermum,0.838
Crassocephalum,0.331
Crataegus,0.6599999999999999
Craterispermum,0.663
Crateva,0.46677777777777785
Cratoxylum,0.63305
Crepidospermum,0.5785
Crescentia,0.6593333333333332
Crinodendron,0.458
Crossopteryx,0.702
Croton,0.4920714285714286
Crudia,0.7831304347826087
Cryosophila,0.4
Crypteronia,0.6022500000000001
Cryptocarya,0.5775116279069767
Cryptomeria,0.35828571428571426
Cryptosepalum,0.75275
Ctenolophon,0.7809090909090909
Cullen,0.788
Cunninghamia,0.3156923076923077
Cunonia,0.6
Cupania,0.6113999999999999
Cupaniopsis,0.747
Cupressus,0.42857142857142855
Curatella,0.65
Curtisia,0.7505
Curupira,0.81
Cuspidaria,0.54
Cussonia,0.417
Cyathocalyx,0.51
Cyathodes,0.732
Cybianthus,0.5925
Cybistax,0.59
Cyclolobium,0.9
Cylicodiscus,0.7788421052631579
Cymbopetalum,0.5349999999999999
Cynometra,0.8022307692307693
Cyrilla,0.5900000000000001
Dacrycarpus,0.44000000000000006
Dacrydium,0.5687857142857143
Dacryodes,0.5635225225225226
Dactylocladus,0.415
Dalbergia,0.7776282051282052
Daniellia,0.4600810810810811
Daphnandra,0.56975
Daphniphyllum,0.5111666666666667
Daphnopsis,0.52
Darlingia,0.58625
Dasylepis,0.64
Davidia,0.4485
Davidsonia,0.786
Decaspermum,0.722
Degeneria,0.35
Dehaasia,0.5656923076923077
Delarbrea,0.634
Delonix,0.57875
Dendrobangia,0.6353333333333334
Dendrocnide,0.207
Dendropanax,0.41983333333333334
Deplanchea,0.42736363636363633
Derris,0.6691428571428572
Desbordesia,0.919
Desmopsis,0.764
Detarium,0.7000000000000001
Dialium,0.8293695652173914
Diatenopteryx,0.744
Dichapetalum,0.761
Dichrostachys,0.99
Diclinanona,0.47
Dicorynia,0.5912
Dicranolepis,0.6
Dicymbe,0.758
Didelotia,0.5765
Didymopanax,0.575
Didymosalpinx,0.715
Dillenia,0.6124324324324324
Dilobeia,0.8436
Dimocarpus,0.7
Dimorphandra,0.7460769230769231
Dimorphocalyx,0.82
Dinizia,0.9054
Diogoa,0.6955
Diospyros,0.6951604278074867
Diphysa,1.08
Diploglottis,0.703
Diplokeleba,0.852
Diploknema,0.765
Diploon,0.85
Diplorhynchus,0.667
Diplospora,0.7
Diplotropis,0.73775
Dipterocarpus,0.6454111111111112
Dipteryx,0.9126
Dirca,0.33
Discoglypremna,0.3396
Discophora,0.56
Dissiliaria,0.8476666666666667
Distemonanthus,0.6045714285714286
Distylium,0.6983333333333334
Dodonaea,0.9470000000000001
Dolichandrone,0.43275
Dombeya,0.484
Doryphora,0.504
Dovyalis,0.579
Dracaena,0.41825
Dracontomelon,0.453
Dracophyllum,0.524
Drimycarpus,0.84
Drimys,0.41
Dryadodaphne,0.5095000000000001
Dryandra,0.808
Dryobalanops,0.6092307692307692
Drypetes,0.7067692307692308
Duabanga,0.351
Duboisia,0.566
Duckeodendron,0.6343333333333333
Duckesia,0.8180000000000001
Duguetia,0.7241176470588235
Dulacia,0.5690000000000001
Duranta,0.561
Durio,0.5467857142857143
Duroia,0.772
Dussia,0.5523333333333333
Dyera,0.33599999999999997
Dysoxylum,0.5905471698113207
Ecclinusa,0.6691
Ehretia,0.5043529411764706
Ekebergia,0.4568
Elaeagnus,0.4816666666666667
Elaeocarpus,0.4885774647887324
Elaeodendron,0.7428
Elateriospermum,0.785
Elattostachys,0.6415
Eleutherandra,0.85
Eleutherococcus,0.44
Elizabetha,0.82
Elmerrillia,0.39433333333333337
Elvasia,0.7533333333333333
Embothrium,0.525
Emmenosperma,0.7284999999999999
Emmotum,0.7943333333333333
Endertia,0.55
Endiandra,0.6558181818181819
Endlicheria,0.5043
Endodesmia,0.6789999999999999
Endopleura,0.7944285714285714
Endospermum,0.3497692307692307
Engelhardtia,0.4419230769230769
Enicosanthum,0.49333333333333335
Entandrophragma,0.535546875
Enterolobium,0.524258064516129
Eperua,0.7363157894736843
Ephedranthus,0.816
Eremophila,0.7751111111111111
Eribroma,0.6384545454545454
Eriobotrya,0.79025
Eriocoelum,0.523
Eriodictyon,0.54
Eriolaena,0.703
Eriotheca,0.454
Erisma,0.5358
Erismadelphus,0.6071
Erythrina,0.27282758620689657
Erythrochiton,0.45
Erythrophleum,0.8217027027027026
Erythrospermum,0.42
Erythroxylum,0.7204814814814815
Escallonia,0.5673333333333334
Eschweilera,0.8313906249999999
Esenbeckia,1.0485
Etaballia,0.92
Eucalyptopsis,0.46
Eucalyptus,0.8035260869565217
Euclea,0.7406666666666667
Eucryphia,0.5433333333333333
Eugenia,0.7307415730337079
Euodia,0.4702777777777778
Euonymus,0.5543333333333333
Euphorbia,0.47050000000000003
Euphronia,0.62
Euplassa,0.5733333333333334
Eupomatia,0.5780000000000001
Euptelea,0.5425
Euroschinus,0.40025
Eurya,0.52
Eurycoma,0.505
Eusideroxylon,0.7866666666666666
Euterpe,0.38766666666666666
Euxylophora,0.6316666666666667
Exbucklandia,0.5855
Excoecaria,0.48469999999999996
Exellodendron,0.925
Exocarpos,0.7747999999999999
Exostema,0.995
Exothea,0.73
Fagaropsis,0.504
Fagraea,0.7386666666666667
Fagus,0.5908888888888888
Faidherbia,0.5625
Falcatifolium,0.57
Faramea,0.5840000000000001
Faucherea,0.9071999999999999
Faurea,0.7253333333333334
Ferdinandusa,0.7250000000000001
Fernandoa,0.505
Feroniella,0.75
Ficalhoa,0.57
Ficus,0.4099602649006623
Filicium,0.96
Fillaeopsis,0.501
Firmiana,0.3674
Fitzroya,0.43
Flacourtia,0.7734
Flindersia,0.6247173913043478
Foetidia,0.8765000000000001
Fokienia,0.389
Forchhammeria,0.84
Fordia,0.64
Franciscodendron,0.3875
Fraxinus,0.545235294117647
Freziera,0.58
Fuchsia,0.696
Funtumia,0.424
Fusaea,0.7426666666666666
Galbulimima,0.5082222222222222
Galearia,0.635
Galipea,0.997
Gallesia,0.51
Ganophyllum,0.70375
Garcinia,0.7343188405797101
Gardenia,0.6713846153846154
Garuga,0.5688333333333333
Gastonia,0.32
Gavarretia,0.65
Geijera,0.8544999999999999
Geissois,0.5242222222222223
Geissospermum,0.77675
Genipa,0.6543333333333333
Geoffroea,0.6046
Gevuina,0.538
Gilbertiodendron,0.6595333333333334
Gillbeea,0.456
Gilletiodendron,0.8905000000000001
Ginkgo,0.4545
Gironniera,0.46099999999999997
Gleditsia,0.6647142857142857
Gliricidia,0.6175
Glochidion,0.5625
Gluema,0.9724999999999999
Gluta,0.5829310344827586
Glycosmis,0.439
Glycydendron,0.68075
Glyptostrobus,0.4835
Gmelina,0.4635833333333333
Gnetum,0.61
Gochnatia,0.76
Godmania,0.52
Goethalsia,0.3494
Gomidesia,0.78
Gomphandra,0.456
Gomphia,0.7
Goniodiscus,0.58
Gonioma,0.741
Goniorrhachis,1.01
Goniothalamus,0.44
Gonocaryum,0.6615
Gonystylus,0.5491304347826087
Gordonia,0.5902000000000001
Gossia,0.7679999999999999
Gossweilerodendron,0.29
Gossypium,0.68
Goupia,0.7271875
Grevillea,0.6120333333333333
Grewia,0.5565882352941176
Grias,0.62
Griselinia,0.632
Guaiacum,1.135
Guapira,0.5993999999999999
Guarea,0.5635645161290322
Guatteria,0.5625714285714286
Guazuma,0.531625
Guettarda,0.7433333333333333
Guibourtia,0.7437884615384616
Guilfoylia,0.801
Guioa,0.54825
Gustavia,0.6414166666666666
Gymnacranthera,0.5511111111111111
Gymnanthes,1.1
Gymnocladus,0.53
Gymnostoma,0.86
Gynocardia,0.396
Gynotroches,0.52
Gyranthera,0.37
Gyrocarpus,0.2535
Gyrostemon,0.396
Haematoxylum,0.9285714285714286
Hagenia,0.566
Hakea,0.8205714285714285
Haldina,0.48
Halesia,0.42
Halfordia,0.9076000000000001
Hallea,0.4716666666666666
Halleria,0.715
Hamamelis,0.56
Hamelia,0.5
Hampea,0.3175
Haploclathra,0.82
Haplocoelum,0.788
Haplolobus,0.504
Haplormosia,0.7826
Hardwickia,0.7266666666666667
Harmandia,0.81
Harpullia,0.6094
Harrisonia,0.785
Harungana,0.46699999999999997
Hasseltia,0.53
Hebepetalum,0.8705
Heberdenia,0.67
Hedycarya,0.6045
Hedyosmum,0.45
Heisteria,0.6942857142857143
Helianthostylis,0.6275
Helicia,0.60785
Heliciopsis,0.47666666666666674
Helicostylis,0.643
Helietta,0.8125
Heliocarpus,0.2655
Henriettea,0.69
Henriettella,0.48
Henriquezia,0.73
Heritiera,0.6574197530864198
Hernandia,0.2957272727272727
Heteropanax,0.344
Heterophragma,0.6196666666666667
Heteropyxis,0.646
Heterostemon,0.6599999999999999
Heterotrichum,0.6
Hevea,0.5029047619047619
Hexachlamys,0.91
Hexalobus,0.5285
Heywoodia,0.745
Hibiscus,0.4396111111111111
Hieronima,0.638
Himatanthus,0.5339
Hintonia,0.74
Hippomane,0.5
Hirtella,0.7827368421052632
Holarrhena,0.5882499999999999
Holigarna,0.327
Holmskioldia,0.62
Holocalyx,0.859
Holodiscus,0.71
Holoptelea,0.5628
Homalanthus,0.2806666666666667
Homalium,0.7032916666666668
Homonoia,0.62
Hopea,0.7088604651162791
Horsfieldia,0.44258823529411767
Hortia,0.9013333333333334
Hovenia,0.543
Huberodendron,0.5423333333333333
Huertea,0.3974
Humbertia,1.148
Humiria,0.7248571428571429
Humiriastrum,0.6676363636363636
Hunteria,0.72
Huodendron,0.5693333333333334
Hura,0.368125
Hybanthus,0.67
Hydnocarpus,0.6342
Hydrochorea,0.5249999999999999
Hydrogaster,0.63
Hylandia,0.482
Hylodendron,0.7869999999999999
Hymenaea,0.7934871794871794
Hymenocardia,0.702
Hymenodictyon,0.45599999999999996
Hymenolobium,0.6527777777777778
Hymenosporum,0.607
Hymenostegia,0.83375
Hypericum,0.985
Hypobathrum,0.528
Hyptidendron,0.43
Idesia,0.419
Idiospermum,0.65
Ilex,0.5584375
Illicium,0.579
Inga,0.5785600000000001
Inhambanella,0.676
Inocarpus,0.45566666666666666
Intsia,0.6948235294117646
Iodina,0.61
Ipomoea,0.43499999999999994
Iresine,0.48
Iriartea,0.26699999999999996
Irvingbaileya,0.426
Irvingia,0.8034
Iryanthera,0.6047083333333333
Isertia,0.5625
Isoberlinia,0.688
Isonandra,0.93
Itoa,0.46
Ixonanthes,0.6354
Ixora,0.7928571428571428
Jacaranda,0.41332142857142856
Jacaratia,0.265
Jackiopsis,0.76
Jacquinia,0.77
Jagera,0.676
Jatropha,0.325
Joannesia,0.48050000000000004
Juglans,0.4840625
Julbernardia,0.6784285714285714
Juniperus,0.4948888888888889
Kalappia,0.51
Kalmia,0.62
Kalopanax,0.389
Kandelia,0.52475
Kaunia,0.494
Kayea,0.6816666666666666
Keteleeria,0.44025000000000003
Khaya,0.5227241379310346
Kibara,0.53
Kibatalia,0.3875
Kielmeyera,0.5933333333333334
Kigelia,0.6319999999999999
Kiggelaria,0.633
Kingiodendron,0.49
Kirkia,0.508
Kjellbergiodendron,0.75
Klainedoxa,0.9243846153846154
Kleinhovia,0.4286666666666667
Knema,0.5333157894736843
Knightia,0.585
Koelreuteria,0.595
Kokoona,0.79
Koompassia,0.7
Koordersiodendron,0.623
Kostermansia,0.6
Krugiodendron,1.15
Kunzea,0.8305
Kydia,0.258
Labramia,0.66
Lacistema,0.5093333333333333
Lacmellea,0.5048
Lacunaria,0.8043333333333335
Ladenbergia,0.47
Laetia,0.6400666666666667
Lafoensia,0.7925
Lagarostrobos,0.46
Lagerstroemia,0.59575
Laguncularia,0.61
Lannea,0.42100000000000004
Lansium,0.7533333333333333
Laplacea,0.5700000000000001
Laportea,0.16
Larix,0.46321052631578946
Lasiodiscus,0.784
Laurelia,0.39333333333333337
Laurus,0.511
Lecointea,0.8933333333333332
Lecomtedoxa,0.8230909090909091
Lecythis,0.8194230769230769
Leea,0.5700000000000001
Leonia,0.6166666666666667
Leopoldinia,0.48
Lepechinia,0.61
Lepidocordia,0.7725
Lepiniopsis,0.42
Lepionurus,0.26
Lepisanthes,0.688
Leptolaena,0.952
Leptospermum,0.8125
Letestua,0.9808
Leucaena,0.6799999999999999
Levieria,0.375
Libocedrus,0.3825
Librevillea,0.9381999999999999
Licania,0.8164947368421054
Licaria,0.8196190476190476
Ligustrum,0.63575
Limonia,0.7709999999999999
Lindackeria,0.56
Lindera,0.514875
Lindsayomyrtus,0.607
Linospadix,0.817
Lippia,0.7
Liquidambar,0.5155555555555555
Liriodendron,0.40825
Litchi,0.8602727272727272
Lithocarpus,0.66971875
Lithraea,0.60075
Litsea,0.4244367816091954
Livistona,0.71
Loesenera,0.646
Lomatia,0.6559999999999999
Lonchocarpus,0.7416969696969696
Lophira,0.8935161290322581
Lophopetalum,0.5158
Lophostemon,0.7420000000000001
Loreya,0.6
Loropetalum,0.814
Lotus,0.74
Lovoa,0.46542857142857147
Loxopterygium,0.60375
Luehea,0.5765714285714286
Lueheopsis,0.5611111111111111
Lumnitzera,0.6914
Lunania,0.6074999999999999
Lycianthes,0.44
Lysicarpus,0.689
Lysidice,0.525
Lysiloma,0.6975
Mabea,0.6157272727272727
Maburea,0.818
Macadamia,0.7032499999999999
Macaranga,0.38205357142857144
Macarisia,0.687
Macbrideina,0.54
Machaerium,0.8182142857142857
Mackinlaya,0.725
Maclura,0.796952380952381
Maclurodendron,0.55
Macoubea,0.4143333333333333
Macrocnemum,0.45
Macrolobium,0.6025
Macropanax,0.31
Madhuca,0.6814146341463414
Maesa,0.676
Maesopsis,0.3835
Magnolia,0.49591999999999997
Magonia,0.77
Mahurea,0.71
Mallotus,0.5026551724137931
Malmea,0.39
Malouetia,0.5266666666666666
Malus,0.6006
Mammea,0.6726521739130434
Mangifera,0.5108
Manglietia,0.40985714285714286
Manilkara,0.8854444444444445
Maniltoa,0.7466
Mansonia,0.57716
Mappia,0.65
Maprounea,0.588
Maquira,0.5635
Maranthes,0.8172941176470588
Margaritaria,0.6643333333333333
Markhamia,0.5813
Marlierea,0.945
Marmaroxylon,0.8442999999999999
Marquesia,0.758
Martiodendron,0.8446666666666666
Mastixia,0.4716666666666667
Mastixiodendron,0.70225
Matayba,0.75
Matisia,0.472875
Maytenus,0.7101904761904761
Medicosma,0.676
Medusanthera,0.39
Melaleuca,0.699
Melanochyla,0.5862499999999999
Melanolepis,0.34
Melanoxylon,1.038
Melastoma,0.44
Melia,0.4403636363636364
Melicoccus,0.98
Melicope,0.475
Melicytus,0.585
Meliosma,0.5057777777777778
Melliodendron,0.4305
Melochia,0.32
Memecylon,0.7655263157894737
Meriania,0.49
Merrillia,0.72
Mesua,0.7205
Metadina,0.72
Metasequoia,0.28400000000000003
Metopium,0.5666666666666667
Metrodorea,1.05
Metrosideros,0.7228888888888889
Metteniusa,0.6
Mezilaurus,0.754235294117647
Mezzettia,0.5366666666666666
Michelia,0.5036206896551725
Michelsonia,0.766
Miconia,0.6227692307692307
Micrandra,0.6765
Microberlinia,0.6796666666666666
Microcos,0.5002
Microlobius,0.71
Micromelum,0.66
Micropholis,0.6511153846153845
Microplumeria,0.73
Microtropis,0.54
Milicia,0.5715588235294118
Miliusa,0.6498333333333334
Millettia,0.7271176470588235
Millingtonia,0.5770000000000001
Mimosa,0.8235
Mimulus,0.62
Mimusops,0.8331538461538461
Minquartia,0.7867142857142857
Mischarytera,0.598
Mischocarpus,0.7312222222222222
Mitragyna,0.5275555555555556
Mitrephora,0.68
Moldenhawera,0.81
Mollia,0.49
Monocarpia,0.48
Monodora,0.49
Monopetalanthus,0.517075
Monopteryx,0.73
Monotes,0.758
Montezuma,0.7
Moquinia,0.955
Mora,0.8060555555555555
Morinda,0.558
Moringa,0.262
Morisonia,0.88
Moronobea,0.8323333333333333
Mortoniodendron,0.51
Morus,0.6387916666666666
Moultonianthus,0.68
Mouriri,0.8361904761904762
Mundulea,0.839
Muntingia,0.3
Murraya,0.7772
Musanga,0.24283333333333335
Musgravea,0.581
Mussaendopsis,0.77
Myoporum,0.881
Myrceugenia,0.74
Myrcia,0.8108888888888889
Myrcianthes,0.7557499999999999
Myrciaria,0.7849999999999999
Myrianthus,0.4495
Myrica,0.5830000000000001
Myricaria,0.981
Myristica,0.4586756756756757
Myrocarpus,0.86125
Myrospermum,0.83
Myroxylon,0.7985384615384615
Myrsine,0.7419230769230769
Mytilaria,0.492
Nageia,0.482
Nauclea,0.6076829268292683
Naucleopsis,0.6505000000000001
Nealchornea,0.6133333333333333
Nectandra,0.5885405405405405
Neea,0.6298888888888889
Neesia,0.4275
Neobalanocarpus,0.76
Neoboutonia,0.33
Neolaugeria,0.8
Neolitsea,0.53325
Neomyrtus,0.798
Neonauclea,0.6521904761904762
Neoraimondia,0.54
Neorites,0.745
Neoscortechinia,0.6148
Neotrewia,0.49
Nephelium,0.7624117647058823
Nerium,0.6
Nesogordonia,0.6540625
Neuburgia,0.41800000000000004
Newtonia,0.5767391304347826
Niemeyera,0.6525714285714285
Normanbya,0.883
Norrisia,0.38
Notelaea,0.87
Nothaphoebe,0.44333333333333336
Nothofagus,0.6076538461538461
Nuxia,0.661
Nyctanthes,0.88
Nyssa,0.5146666666666667
Ochanostachys,0.77
Ochna,0.746375
Ochreinauclea,0.54
Ochroma,0.16173333333333334
Ochrosia,0.485
Ochthocosmus,0.73
Ocotea,0.5245445544554456
Octoknema,0.688
Octomeles,0.301
Oddoniodendron,0.9182
Odyendea,0.3256666666666667
Oenocarpus,0.6815
Olax,0.771
Oldfieldia,0.8374999999999999
Olea,0.7544444444444445
Olearia,0.8206666666666668
Olinia,0.739
Omphalea,0.47750000000000004
Omphalocarpum,0.55
Oncoba,0.58
Ongokea,0.7492
Onychopetalum,0.6323333333333333
Opisthiolepis,0.5086666666666667
Oreocallis,0.62
Oreopanax,0.52
Oricia,0.715
Orites,0.504
Ormocarpum,0.742
Ormosia,0.5905849056603774
Oroxylum,0.41100000000000003
Orthion,0.69
Osbornia,0.82
Osmanthus,0.8414999999999999
Osmelia,0.5549999999999999
Osmoxylon,0.37
Osteophloeum,0.46585714285714286
Ostodes,0.3995
Ostrearia,0.65
Ostrya,0.6533333333333333
Osyris,0.854
Otoba,0.4145833333333333
Ouratea,0.727
Owenia,0.7475
Oxandra,0.7478571428571429
Oxyanthus,0.525
Oxydendrum,0.5
Oxystigma,0.47450000000000003
Ozoroa,0.715
Pachira,0.439
Pachyelasma,0.738
Pagamea,0.5683333333333334
Pajanelia,0.42533333333333334
Palaquium,0.5815526315789473
Palicourea,0.5466666666666667
Panda,0.565
Pandanus,0.331
Pangium,0.5026666666666667
Panopsis,0.509
Pappea,0.883
Parahancornia,0.47750000000000004
Paranephelium,0.8266666666666667
Parapiptadenia,0.8312000000000002
Pararchidendron,0.525
Parartocarpus,0.40399999999999997
Paraserianthes,0.48719999999999997
Parashorea,0.55
Parastemon,0.8736
Parathesis,0.62
Parinari,0.7009019607843138
Parishia,0.53
Parkia,0.45532307692307694
Parkinsonia,0.619
Paropsia,0.675
Patagonula,0.7883333333333334
Paulownia,0.24655555555555558
Pausandra,0.59
Pausinystalia,0.5967142857142856
Payena,0.6503333333333333
Paypayrola,0.5976666666666667
Pellacalyx,0.4366666666666667
Peltogyne,0.7926060606060605
Peltophorum,0.64025
Pemphis,0.94
Pennantia,0.495
Pentace,0.599
Pentaceras,0.814
Pentaclethra,0.7080952380952381
Pentadesma,0.7705714285714286
Pentapanax,0.413
Pentaphylax,0.558
Pentaspadon,0.5725
Pera,0.6468888888888888
Perebea,0.4878333333333334
Pericopsis,0.6527333333333334
Peridiscus,0.73
Peripentadenia,0.654
Peronema,0.57
Persea,0.517054054054054
Persoonia,0.779
Pertusadina,0.68
Petalostigma,0.908
Petersianthus,0.6640909090909091
Petitia,0.66
Phebalium,0.695
Phellodendron,0.387
Phoebe,0.5442352941176472
Photinia,0.7373999999999999
Phyllanthus,0.6177777777777778
Phyllarthron,0.73
Phyllocladus,0.5563333333333333
Phyllocosmus,0.78
Phyllostylon,0.7505000000000001
Physocalymma,0.85
Phytolacca,0.258
Picea,0.36523076923076925
Picralima,0.775
Picrasma,0.45
Pictetia,0.8
Pilgerodendron,0.43
Pilidiostigma,0.632
Pimelodendron,0.497
Pimenta,0.9275
Pinus,0.4468617021276596
Piper,0.3935
Piptadenia,0.8191538461538461
Piptadeniastrum,0.6050869565217392
Piptocarpha,0.65
Piptocoma,0.47
Pipturus,0.33
Piranhea,0.8822000000000001
Piscidia,0.6933333333333334
Pisonia,0.3441111111111111
Pistacia,0.6996666666666668
Pithecellobium,0.5528571428571428
Pittosporum,0.6205999999999999
Placodiscus,0.793
Placospermum,0.594
Plagiostyles,0.7413333333333334
Planchonia,0.6712
Platanus,0.503
Platea,0.40099999999999997
Plathymenia,0.49666666666666665
Platonia,0.7231428571428572
Platycarya,0.599
Platycyamus,0.81
Platylophus,0.483
Platymiscium,0.7815
Platymitra,0.675
Platypodium,0.80575
Pleiogynium,0.7516666666666666
Pleuranthodendron,0.68
Pleurostylia,0.7073333333333333
Pleurothyrium,0.47
Plinia,0.95
Ploiarium,0.84
Plumeria,0.65
Podocarpus,0.4761964285714286
Poecilandra,0.844
Poecilanthe,0.7125
Poeciloneuron,0.9
Poeppigia,0.735
Poga,0.393
Pogonophora,0.8325
Polyalthia,0.5667575757575758
Polyosma,0.5611111111111111
Polyscias,0.37252631578947365
Pometia,0.6356428571428572
Pongamia,0.59475
Popowia,0.545
Populus,0.3787142857142857
Poraqueiba,0.7628333333333334
Porcelia,0.58
Porterandia,0.55
Posoqueria,0.5531666666666667
Potameia,0.711
Potoxylon,0.69
Poulsenia,0.3504285714285714
Poupartia,0.45
Pourouma,0.3804347826086957
Pouteria,0.718728323699422
Pradosia,0.73775
Prainea,0.6333333333333334
Premna,0.6381818181818182
Prestoea,0.25
Priogymnanthus,0.87
Prioria,0.44168181818181823
Prockia,0.58
Prosopis,0.7807222222222223
Protea,0.663
Protium,0.5773090909090909
Protomegabaria,0.602
Protorhus,0.7026666666666667
Prumnopitys,0.5008
Prunus,0.5893055555555555
Pseudima,0.8
Pseudobombax,0.2655
Pseudocedrela,0.621
Pseudolachnostylis,0.62
Pseudolarix,0.42125
Pseudolmedia,0.64444
Pseudomalmea,0.808
Pseudopiptadenia,0.6642222222222222
Pseudotsuga,0.4508
Pseudoweinmannia,0.755
Pseudoxandra,0.37
Pseuduvaria,0.581
Psidium,0.8100909090909091
Psorospermum,0.689
Psychotria,0.535
Psydrax,0.76275
Ptaeroxylon,0.8825
Pteleocarpa,0.635
Pteleopsis,0.6325
Pternandra,0.5249999999999999
Pterocarpus,0.583811320754717
Pterocarya,0.3368333333333333
Pterocelastrus,0.788
Pteroceltis,0.66
Pterocymbium,0.325
Pterodon,0.9099999999999999
Pterogyne,0.692625
Pterospermum,0.521
Pterostyrax,0.33375
Pterygota,0.5256428571428572
Ptychopetalum,0.6625000000000001
Ptychopyxis,0.565
Pullea,0.6886666666666666
Punica,0.771
Putranjiva,0.6699999999999999
Pycnanthus,0.40890000000000004
Pyrenaria,0.5615
Pyrus,0.632
Qualea,0.6496388888888889
Quararibea,0.492
Quassia,0.3518333333333333
Quercus,0.7007748344370861
Quiina,0.8614999999999999
Quintinia,0.5243333333333333
Radermachera,0.48300000000000004
Ramisia,0.62
Randia,0.6565454545454545
Rapanea,0.6495
Raputia,0.9355
Raukaua,0.7046666666666667
Rauvolfia,0.47500000000000003
Ravenia,0.9
Ravensara,0.5968
Rawsonia,0.745
Recchia,1.02
Recordoxylon,0.7999999999999999
Reevesia,0.48333333333333334
Reinwardtiodendron,0.78
Remijia,0.56
Rhabdodendron,0.8
Rhamnus,0.5591999999999999
Rhizophora,0.868952380952381
Rhodamnia,0.7775000000000001
Rhododendron,0.4955
Rhodolaena,0.8454999999999999
Rhodoleia,0.62
Rhodomyrtus,0.779
Rhodosphaera,0.591
Rhodostemonodaphne,0.395
Rhoicissus,0.538
Rhus,0.5851428571428572
Ribes,0.73
Richeria,0.5766666666666667
Ricinodendron,0.21059999999999998
Rinorea,0.6705384615384615
Ristantia,0.702
Robinia,0.6638333333333334
Robinsonella,0.5
Rockinghamia,0.689
Rollinia,0.3604
Rondeletia,0.5
Rothmannia,0.6415
Roucheria,0.825
Roupala,0.8550909090909091
Ruagea,0.47
Rubus,0.35
Rudgea,0.57
Ruizterania,0.6019
Ruprechtia,0.6445714285714285
Ryparosa,0.5844444444444444
Saccellium,0.92
Sacoglottis,0.802
Sageraea,0.6416000000000001
Sagotia,0.58
Salacia,0.76
Salix,0.40375
Salvadora,0.594
Salvertia,0.65
Sambucus,0.4463333333333333
Sandoricum,0.43883333333333335
Sandwithia,0.74
Santalum,0.75775
Santiria,0.5813809523809523
Sapindus,0.7354545454545455
Sapium,0.41244444444444445
Sapranthus,0.63
Saraca,0.5518571428571428
Sarcaulus,0.615
Sarcocephalus,0.498
Sarcomelicope,0.765
Sarcopteryx,0.7005
Sarcosperma,0.44216666666666665
Sarcotheca,0.61
Sarcotoechia,0.663
Sassafras,0.45725
Saurauia,0.39866666666666667
Saxegothaea,0.501
Scaphium,0.50375
Schefflera,0.42729999999999996
Schima,0.5501428571428572
Schinopsis,1.0299166666666666
Schinus,0.6174999999999999
Schinziophyton,0.16949999999999998
Schistostemon,1.0
Schizolobium,0.39107692307692304
Schizomeria,0.5288
Schleichera,0.8974
Schoutenia,0.7333333333333334
Schrebera,0.70625
Sciadodendron,0.53
Sclerocarya,0.4885
Sclerolobium,0.55668
Scleronema,0.6169166666666667
Scolopia,0.7222
Scorodocarpus,0.7233333333333333
Scorodophloeus,0.72375
Scottellia,0.5720000000000001
Scutia,0.9129999999999999
Scutinanthe,0.56
Scyphiphora,0.685
Scyphocephalium,0.5074444444444445
Scytopetalum,0.625
Sebastiania,0.655
Securinega,0.7285999999999999
Seguieria,0.59
Semecarpus,0.35714285714285715
Senefeldera,0.78
Senna,0.6165454545454545
Septotheca,0.59
Sequoia,0.38
Serianthes,0.43
Sesbania,0.4444
Sextonia,0.5522857142857143
Shirakiopsis,0.5115000000000001
Shorea,0.5711287128712871
Sideroxylon,0.8220714285714286
Simaba,0.41933333333333334
Simarouba,0.4142083333333333
Simira,0.6808333333333333
Sindora,0.5760606060606062
Sindoropsis,0.6401249999999999
Siparuna,0.6561999999999999
Siphonodon,0.6568333333333333
Sloanea,0.6221228070175439
Socratea,0.23
Solanum,0.41185714285714287
Sonneratia,0.48875
Sophora,0.6355
Sorbus,0.6113333333333334
Sorindeia,0.56
Sorocea,0.6083333333333334
Soymida,0.96
Spachea,0.595
Sparattosperma,0.57
Spathodea,0.3505
Sphalmium,0.482
Sphenostemon,0.469
Spiraeanthemum,0.55
Spirostachys,0.8250000000000001
Spondianthus,0.645
Spondias,0.3627241379310345
Stachyarrhena,0.82
Stachyothyrsus,0.645
Staudtia,0.7905263157894736
Steganthera,0.551
Stelechocarpus,0.55
Stemmadenia,0.5
Stemonocoleus,0.581
Stemonurus,0.5242857142857142
Stenocarpus,0.7056
Sterculia,0.4265696202531645
Stereospermum,0.6564545454545455
Sterigmapetalum,0.77
Stifftia,0.62
Streblus,0.7364615384615385
Strephonema,0.633
Strombosia,0.74668
Strombosiopsis,0.663
Strychnos,0.6959473684210526
Stryphnodendron,0.5572
Stuartia,0.6261666666666666
Stylogyne,0.48250000000000004
Styrax,0.42324999999999996
Sundacarpus,0.41733333333333333
Suregada,0.6443333333333333
Swartzia,0.8398196721311475
Sweetia,0.7875
Swietenia,0.541
Swintonia,0.6274444444444445
Sycopsis,0.69
Symmeria,0.67
Sympetalandra,0.6845
Symphonia,0.6094827586206897
Symplocos,0.5308636363636364
Syncarpia,0.7463
Synima,0.814
Synoum,0.5499999999999999
Synsepalum,0.6775
Syzygium,0.6471979166666667
Tabebuia,0.7597532467532467
Tabernaemontana,0.5246666666666667
Tachigali,0.5573333333333333
Taiwania,0.3
Talipariti,0.5575
Talisia,0.8498888888888889
Tamarindus,0.9784
Tamarix,0.5926666666666667
Tambourissa,0.5115000000000001
Tannodia,0.525
Tapirira,0.43877777777777777
Tapura,0.66025
Taralea,0.8966666666666666
Tarchonanthus,0.964
Tarenna,0.6859999999999999
Taxodium,0.42
Taxus,0.5377
Teclea,0.745
Tecoma,0.7867500000000001
Tectona,0.6127567567567568
Teijsmanniodendron,0.588625
Terminalia,0.5535084745762712
Terminaliopsis,0.569
Ternstroemia,0.618090909090909
Tessaria,0.301
Tessmannia,0.799
Testulea,0.6387
Tetraberlinia,0.5380526315789473
Tetracentron,0.337
Tetraclinis,0.59
Tetradium,0.232
Tetragastris,0.710578947368421
Tetrameles,0.307
Tetramerista,0.6
Tetrapleura,0.5700000000000001
Tetrasynandra,0.527
Tetrathylacium,0.62
Tetrorchidium,0.4545
Theobroma,0.5297142857142857
Thespesia,0.653
Thevetia,0.72
Thouinia,0.94
Thouinidium,0.67
Thuja,0.4455
Thyrsodium,0.645
Tibouchina,0.635
Tieghemella,0.5953333333333334
Tilia,0.42158823529411765
Timonius,0.5936666666666667
Tinopsis,0.708
Tipuana,0.5873333333333334
Tocoyena,0.62
Toechima,0.676
Tonduzia,0.85
Toona,0.4039166666666667
Torreya,0.42
Toulicia,0.6955
Tournefortia,0.47
Touroulia,0.76
Tovomita,0.6785714285714286
Trattinnickia,0.45889473684210524
Trema,0.33059999999999995
Trewia,0.44
Tricalysia,0.1
Trichadenia,0.705
Trichanthera,0.45
Trichilia,0.6327
Trichoscypha,0.6303333333333333
Trichospermum,0.31320000000000003
Trigoniastrum,0.6966666666666667
Trigonopleura,0.5
Trilepisium,0.499
Triomma,0.5833333333333334
Triplaris,0.5113529411764706
Triplochiton,0.3345
Tristania,0.7846666666666667
Tristaniopsis,0.8485
Tristiropsis,0.577
Trophis,0.6311666666666667
Trymatococcus,0.6496000000000001
Tsuga,0.4327272727272727
Turpinia,0.394
Turraea,0.663
Turraeanthus,0.4934545454545454
Uapaca,0.6223181818181819
Ulmus,0.5336363636363637
Umbellularia,0.51
Unonopsis,0.5399999999999999
Urera,0.3204
Urophyllum,0.48
Vangueria,0.6573333333333333
Vantanea,0.835
Vassobia,0.547
Vatairea,0.6784736842105263
Vataireopsis,0.6416666666666667
Vateria,0.48
Vatica,0.69625
Vavaea,0.626
Ventilago,0.98
Vepris,0.659
Vernonanthura,0.54
Vernonia,0.32999999999999996
Viburnum,0.631
Virola,0.4734166666666667
Vismia,0.490875
Vitex,0.5482250000000001
Vochysia,0.4667627118644068
Vouacapoua,0.8128181818181819
Vouarana,0.84
Wallacea,0.65
Walsura,0.868
Warburgia,0.689
Warszewiczia,0.5643333333333334
Waterhousea,0.6803333333333333
Weinmannia,0.60725
Welfia,0.4
Wendlandia,0.69275
Whiteodendron,0.7849999999999999
Widdringtonia,0.413
Wilkiea,0.551
Wimmeria,0.78
Wollemia,0.47
Wrightia,0.434
Xanthocercis,0.931
Xanthophyllum,0.7042857142857143
Xanthorrhoea,0.395
Xanthostemon,0.9183333333333333
Xeroderris,0.633
Xerospermum,0.77
Ximenia,0.8666666666666666
Xylia,0.7966666666666667
Xylocarpus,0.5714285714285714
Xylomelum,0.6023333333333333
Xylopia,0.5959166666666667
Xylosma,0.6613333333333333
Zanha,0.7945
Zanthoxylum,0.6076363636363636
Zelkova,0.7156666666666668
Zeyheria,0.77
Ziziphus,0.7745882352941176
Zollernia,1.002
Zuelania,0.563
Zygia,0.8098571428571428
Zygogynum,0.49500000000000005
